id,genre
37i9dQZF1DWUH2AzNQzWua,acoustic
37i9dQZF1DWXmlLSKkfdAk,acoustic
37i9dQZF1EIdu0PHOCYQ71,acoustic
37i9dQZF1DWWxrt1tiKYiX,acoustic
4Xv7w5RBLUz71sSzIs4C6b,acoustic
37i9dQZF1DX4VvfRBFClxm,acoustic
37i9dQZF1DWYGZAMYFDM8S,acoustic
37i9dQZF1DX0rCrO4CFRfM,acoustic
1XqePqKyv638EBMhjpgYF9,acoustic
37i9dQZF1EQp62d3Dl7ECY,acoustic
4HXMPRVKOAfzoUwws8fqHW,afrobeat
37i9dQZF1EQqFPe2ux3rbj,afrobeat
37i9dQZF1DWX0o6sD1a6P5,afrobeat
32HovauslOCYTENgeZlk6M,afrobeat
37i9dQZF1DX0ItcQfwbKZJ,afrobeat
37i9dQZF1DWYs2pvwxWA7l,afrobeat
1wl3rPxd3DxJyfEHyqxhfQ,afrobeat
37i9dQZF1DWYkaDif7Ztbp,afrobeat
0aUt6gxNcV6B2La64Bm4D5,afrobeat
37i9dQZF1DWSjibQnF0bUk,afrobeat
5W9dGuMEjLuSMmCgaYzIol,alt-rock
37i9dQZF1EIefLxrHQP8p4,alt-rock
37i9dQZF1DX9GRpeH4CL0S,alt-rock
6UkcmQf7tYlGKX18IL8cyd,alt-rock
37i9dQZF1DWVqJMsgEN0F4,alt-rock
41M9v5yjIspx0YpgVHrxvr,alt-rock
57oo2rJMvr7Mki6wva62sk,alt-rock
37i9dQZF1DXa6YOhGMjjgx,alt-rock
37i9dQZF1DXcKHVXMYcCuJ,alt-rock
7AECAgCgYN3LaisnAU0wa9,alt-rock
37i9dQZF1EIefLxrHQP8p4,alternative
37i9dQZF1DX9GRpeH4CL0S,alternative
1CLtZgIOMHYBSfndPzyBOS,alternative
37i9dQZF1DWVqJMsgEN0F4,alternative
37i9dQZF1DXaLI8a395lse,alternative
37i9dQZF1EIdDnHQZhcBHB,alternative
37i9dQZF1DWTSKFpOdYF1r,alternative
7xY8wHHjF0wxke2dkK3sRc,alternative
37i9dQZF1DXcKHVXMYcCuJ,alternative
37i9dQZF1DWTggY0yqBxES,alternative
3oXwmqHylgmGS7mNjmUPmj,ambient
37i9dQZF1DXdf43Md5h6cE,ambient
37i9dQZF1DX3Ogo9pFvBkY,ambient
1kqBP6eE24L0agNpnTIKtc,ambient
37i9dQZF1EIfXgTSpbzUXS,ambient
37i9dQZF1DWUrPBdYfoJvz,ambient
37i9dQZF1DWWb1L5n1gkOJ,ambient
37i9dQZF1DX1n9whBbBKoL,ambient
37i9dQZF1DX7XfRr4cb6cr,ambient
37i9dQZF1DX9c7yCloFHHL,ambient
3z0MRRZHSNPI4tPEjcCZRV,anime
1YA5cPIfDy3L03bGnNiDM7,anime
37i9dQZF1DWT8aqnwgRt92,anime
37i9dQZF1DX6XceWZP1znY,anime
1GtPCwYkY77afN9BpLi7vo,anime
37i9dQZF1DX0hAXqBDwvwI,anime
37i9dQZF1EIczL2fUeGAb1,anime
1QcsybeUidDJIrPQTHS6dD,anime
4cK49pdFnNEhwmE8JxJbD7,anime
4VHR8oorjFQSRVdStWEhT4,anime
37i9dQZF1DX8p7QHH0X7oJ,black-metal
1gKUHcvYNBSesd5HWDlEr4,black-metal
688iTCqxHbpNbBuWplfa17,black-metal
37i9dQZF1DXbl9rMxGEmRC,black-metal
37i9dQZF1EIdrDO1pClEMb,black-metal
37i9dQZF1DXaqykGqi6KX8,black-metal
3mca845oZm3QjpzgUb2pa0,black-metal
37i9dQZF1DX0cZz7nWHy0s,black-metal
37i9dQZF1DZ06evO4l8NzO,black-metal
0nEi9oGlDjrSPzfk8SXhnt,black-metal
37i9dQZF1EIhFCUwZ700Aj,bluegrass
37i9dQZF1DX56crgoe4TG3,bluegrass
37i9dQZF1EId1YqUL6o4vd,bluegrass
37i9dQZF1DX0RwLEp3x6W4,bluegrass
7fAm3STfjNSuUpvDxzb9eJ,bluegrass
37i9dQZF1DXa2HpTqP3clz,bluegrass
6AbdNDQjSifmtzFRnqmw0q,bluegrass
37i9dQZF1DX0yL7UvjSKZT,bluegrass
1f29CL4Wp41s319IUFa8iL,bluegrass
37i9dQZF1DX4yaGKXS06vz,bluegrass
37i9dQZF1EQpz3DZCEoX3g,blues
37i9dQZF1DXd9rSDyQguIk,blues
37i9dQZF1DX9cTwPMorHcH,blues
37i9dQZF1EIeh2qaJ3IfzG,blues
37i9dQZF1DWSKpvyAAcaNZ,blues
3Z72yCEE7ejhoTr7C8liQy,blues
2ZPbHrBWpcnEsWWO00szW8,blues
37i9dQZF1DWWyCCtyRAvGr,blues
7KvP5E4IuBi6ctxgA9goAS,blues
37i9dQZF1DX9GSZDbrndTa,blues
0ZFtZMSBN1vD5A5pZaFLQW,bossanova
089PHs02G5E3K0lYdane1p,bossanova
37i9dQZF1DX4AyFl3yqHeK,bossanova
2YJpDJSPMjQ7WynM9mEUoK,bossanova
37i9dQZF1EIcyFDXQX9B1P,bossanova
37i9dQZF1DWWgccrbg3zbJ,bossanova
42hUdL8m0Lm4QZYy9bGTlG,bossanova
16QguuMuZbadn8Ll3exMpS,bossanova
37i9dQZF1DXardnHdSkglX,bossanova
5pNR9Svu7BBlp5pb2ybRhR,bossanova
6X2XVo8luWXKwDIQGmXWYb,brazil
68ZrC4UOLK4T0aKwZStUea,brazil
37i9dQZF1DWVBWFXlHC6s7,brazil
2IRi5B7NYZzmrrF2RxIEeJ,brazil
37i9dQZF1DZ06evO2O2CU8,brazil
37i9dQZF1EIfwdv43q0LQH,brazil
37i9dQZF1DZ06evO3Xn6wy,brazil
37i9dQZEVXbMXbN3EUUhlg,brazil
7ah3itNz7OjwOj7gN3pLNj,brazil
37i9dQZF1DWYRp9Xqj0c83,brazil
37i9dQZF1EIctO9E5tx0pp,breakbeat
37i9dQZF1DZ06evO06EnYh,breakbeat
4hro2ltWI5U6yQ5R5uC0lY,breakbeat
4NRoHFT1wu1X2pc2UIUXZ4,breakbeat
37i9dQZF1DZ06evO1b3hhC,breakbeat
2XHzZoVrhfDTasfLmKsICa,breakbeat
37i9dQZF1DZ06evO4xCCYm,breakbeat
2Y49JuVf9VWLWfIijSFZmz,breakbeat
4qoYAF6unFtfhPigHxpoPT,breakbeat
37i9dQZF1DZ06evO04sWYN,breakbeat
37i9dQZF1EIgIwPJju1vhX,british
37i9dQZF1DWSIaDfaHJHox,british
5s6lp000mFNCltKqRfV9ay,british
2xktGTHrLyUR5sBZW8xxey,british
37i9dQZF1DXaVgr4Tx5kRF,british
3Bov6ot1wJ7crT0LFtFRsa,british
37i9dQZF1DWWtGE7PB0aRR,british
4Li4l1jB7eqAojARX04j15,british
1vaq3aKe69CMw3sXL1ezKN,british
37i9dQZF1DXd8uPBZf1XUj,british
12rjCFxeO1DFy2XSpg9AK4,cantopop
37i9dQZF1DWW6TogMpx8Q2,cantopop
5SW7lbMOx6RY2DsEr3D1go,cantopop
37i9dQZF1EIfXRLgA3nqrC,cantopop
37i9dQZF1DXdGUQjVlqY2Q,cantopop
5MKi4LBZJzjp9HdJlWu9Kc,cantopop
37i9dQZF1DXahjk49z40fT,cantopop
0PL8Ul6NZoph7tBTmIex0A,cantopop
37i9dQZF1DWWqC43bGTcPc,cantopop
2vgltWTc7Cslsdk9SN9XRW,cantopop
37i9dQZF1EIcyNCKRxFCqA,chicago-house
37i9dQZF1DWWeWDl2F7vbH,chicago-house
6jUmmuExsQgw4UH7iXQVZp,chicago-house
5SLyaRrbdU5mCcl0lOGRcP,chicago-house
37i9dQZF1DWTU3Zl0elDUa,chicago-house
37i9dQZF1DZ06evO1UEE9i,chicago-house
2d7iZ08yABfObw0Ny5EGt1,chicago-house
37i9dQZF1DWYZukaBJunoE,chicago-house
5r94kSvcRB0ywVzpchwR4B,chicago-house
37i9dQZF1DXacX3REVaOqV,chicago-house
1ynJ63k9UYnKQWH2Q0KMml,children
37i9dQZF1DZ06evO0Reo4U,children
7yKvvtk5hnOpytaHjnCKwu,children
6zsm6BEm8EDtkAMUVjXlIz,children
37i9dQZF1DZ06evO1GeXcs,children
44G5Bbh908McrE13iZV35k,children
3nxKDpwRbGDjHDd2uOedrA,children
37i9dQZF1DZ06evO4zVXLa,children
37i9dQZF1DZ06evO2WFK4U,children
74YD6V2LHV1TvTwHJuV0pV,children
6D2k9BvhJs650tqHrjKPQM,chill
37i9dQZF1EVHGWrwldPRtj,chill
3FYTOVfZ2o2gTBUZ5SOZU5,chill
6IKQrtMc4c00YzONcUt7QH,chill
5ijx61HvzibTtyWHPzbtDI,chill
37i9dQZF1EIgoYQUuS02Ii,chill
37i9dQZF1DWTkxQvqMy4WW,chill
7hJfYpKLDQwmeHIPTmNS5y,chill
37i9dQZF1DX4WYpdgoIcn6,chill
4nMkjATDqJu3j3LHSt3g31,chill
37i9dQZF1EQn1VBR3CMMWb,classical
27Zm1P410dPfedsdoO9fqm,classical
37i9dQZF1DWWEJlAGA9gs0,classical
1h0CEZCm6IbFTbxThn6Xcs,classical
37i9dQZF1DWVFeEut75IAL,classical
6wObnEPQ63a4kei1sEcMdH,classical
37i9dQZF1DX8Sz1gsYZdwj,classical
37i9dQZF1DX9OZisIoJQhG,classical
37i9dQZF1DWUPafHP1BJw1,classical
37i9dQZF1DWUqIzZNMSCv3,classical
5fAcG9Ac4qqGJJ3udoI1rt,club
1EFD2ttJkVW7osRnhE7WB0,club
28Nd2a6kcucHwmdjn7rZ53,club
37i9dQZF1EIcsHAaTPt2VN,club
37i9dQZF1EIh3pWPqiD1cL,club
5xB8MvblguC1uYmlxWzg4K,club
5o6VHEWPS59KkKctXO29So,club
1JzO8MUPjx3xjBUEWybea1,club
2vkVAT0srHOlJNAglVAyBu,club
62gdngiXCfAZARl7vtX0Fk,club
00W7hnxf3ZgUmBso35OBSL,comedy
7fBG6WQtGyGbs8nqgLW9Kj,comedy
37i9dQZF1DZ06evO3V3Eqr,comedy
21DLBWjY0KIvevhK2JftM3,comedy
61v3DdImiFq8qOR1iPMQeR,comedy
2gOOVCnjoO5CxqJjlgUFnt,comedy
1G35Wa91Sgi8Fx2lm2EJza,comedy
097oNB0qtImpxyT7KCSLzR,comedy
3OK6DZjktxa1QXfZxwvWqk,comedy
72QbSPeAMRMwF4huIaIS6R,comedy
37i9dQZF1EQmPV0vrce2QZ,country
1jA5VGnxLV5WtNXEckpxjY,country
4m2b9fA2s6h9zCdTIYj35d,country
37i9dQZF1DX1lVhptIYRda,country
37i9dQZF1DX7aUUBCKwo4Y,country
7lQu0IRGR1qTjWYdZbbKXE,country
37i9dQZF1DWZBCPUIUs2iR,country
2Hi4RV1DJHHiSDcwYFFKeR,country
37i9dQZF1DXbIbVYph0Zr5,country
7J3PLgp2DGCDkvqZXHhv3x,country
37i9dQZF1EQp9BVPsNVof1,dance
5oKz4DsTP8zbL97UIPbqp4,dance
37i9dQZF1DWZQaaqNMbbXa,dance
37i9dQZF1EIdt7tQbR8QDN,dance
37i9dQZF1DX0BcQWzuB7ZO,dance
002Ux2sdgA8uoeqTba4Cph,dance
37i9dQZF1DX8tZsk68tuDw,dance
08q9DbgxlY1D6j8I8A0i75,dance
37i9dQZF1DXaXB8fQg7xif,dance
04EKmJhBK8dLL6SONP5dyq,dance
37i9dQZF1DWWDLvD3P5wOG,dancehall
37i9dQZF1EQqoytXQhz8dz,dancehall
37i9dQZF1DXan38dNVDdl4,dancehall
1AKuDAKQOUSbQ8KKJkrlMi,dancehall
37i9dQZF1DXe9hay4VT07f,dancehall
37i9dQZF1DX0cNYCfLOrsu,dancehall
5JxXfTCuktoxrvGYZVViM7,dancehall
37i9dQZF1DX9QYRS3EMTFh,dancehall
1m5hxZKC0uI05ebnEs1Y4H,dancehall
3dEL2fn2HqnnIpSlearSJE,dancehall
2vivknVOeJD7BUYnnuztrE,death-metal
37i9dQZF1DX1cJWWyylDuw,death-metal
37i9dQZF1EIf78r65WuXwA,death-metal
4t2UEdXO2JmzuDi2XiwU34,death-metal
37i9dQZF1EQpgT26jgbgRI,death-metal
37i9dQZF1DWWOaP4H0w5b0,death-metal
5iZh1symrVbgqWNwXACTZ2,death-metal
37i9dQZF1DXbl9rMxGEmRC,death-metal
4tszLL7NTfLCoIz39Zsiy1,death-metal
3ULksLh0NM7VF6BqXcOIKL,death-metal
6vDGVr652ztNWKZuHvsFvx,deep-house
37i9dQZF1DWUbycBFSWTh7,deep-house
37i9dQZF1DX2TRYkJECvfC,deep-house
37i9dQZF1EId9cZrsKjzaP,deep-house
37i9dQZF1DWXRzAsbxGrBZ,deep-house
37i9dQZF1DX5xiztvBdlUf,deep-house
5KqcXraQXwHCZrES4oK60k,deep-house
4EjIhZWbxJNNiHPwVh17mF,deep-house
6sjE3PzVsrvlHHSwdCHsXE,deep-house
2GOq4YducOjWm88a4IkCQq,deep-house
37i9dQZF1DX1GT5IIzDqMe,detroit-techno
1o1HVRGIxwCcdSnNnZ69IC,detroit-techno
37i9dQZF1DXcgtZZKiQlS2,detroit-techno
2Bnx8fp2b5cAQkKkRYhUxx,detroit-techno
37i9dQZF1DZ06evO2sAxl6,detroit-techno
1kGO4gJDcChByt3htbOQkh,detroit-techno
37i9dQZF1DWW2MPLDvoRsO,detroit-techno
67r3cLFFmuwemMyELx6X8m,detroit-techno
37i9dQZF1DZ06evO1eHAxb,detroit-techno
0Xpa9mELGm8wQdFF435CX4,detroit-techno
37i9dQZF1DX2H07nGW2AbS,disco
5B3gb8HbvFm02ccQVH33IO,disco
37i9dQZF1DX1MUPbVKMgJE,disco
37i9dQZF1EIeVYN6avAKmV,disco
37i9dQZF1DX2GKumqRIZ7g,disco
2ogAVuTJqtu2jdkHtLtT4D,disco
16gXkBffn3lgPwLbQlT61E,disco
37i9dQZF1EIeI9MRQg1nGW,disco
1h419AHuvIuFXjUjndFC25,disco
37i9dQZF1EIcpWWCAZfhzJ,disco
37i9dQZF1DX8C9xQcOrE6T,disney
37i9dQZF1DX0zmsulfyDdq,disney
42UkpxHZzexqaG1T2Wf2yu,disney
37i9dQZF1DWVs8I62NcHks,disney
3Bx2rz7RTFmg6nANupvRBC,disney
37i9dQZF1DXczTjwuylBvs,disney
1yYvCmPgePAJCw0I5fxBNK,disney
37i9dQZF1DWVLLXSxmZy0O,disney
37i9dQZF1DX9fDcF6S4tuJ,disney
0fTq8vIvjQbflbTxYq8sqO,disney
37i9dQZF1EIherXksVvnrN,drum-and-bass
068WHS0zOWsqvn2uIBYb5D,drum-and-bass
0Zarq4BVkFkZOWkmqsfrjA,drum-and-bass
11GLSWHNNCTFltXGO0dZWq,drum-and-bass
17TiR69ZuSybMqNMBTuxYf,drum-and-bass
37i9dQZF1EIgbI3nEacD1C,drum-and-bass
7xN5ysJJFDoj0bhyZKN1Zy,drum-and-bass
3k1TTot2OuN9wJaYij8173,drum-and-bass
1bxSnrBuUSmJ61tyy3bn4x,drum-and-bass
6mfO53DZOMaaBqwqtnd4Dc,drum-and-bass
3ObJ6Qra3CkV0gNCRTtK0c,dub
37i9dQZF1DX5Q27plkaOQ3,dub
37i9dQZF1EIeh9ieKsgN2r,dub
37i9dQZF1DX4arVIN5Cg4U,dub
4Y8rO67qvdnzb2kXyNfeim,dub
4YZNKPS9bM3xv1UF4WZil0,dub
0s8tfHVdQa8duFMev3ZlgD,dub
5szak97F9g5KufvE9gI3wZ,dub
1h6ESMAxPsQtss6ZBy08g1,dub
6xo6Pr528QIucumzKcMXOu,dub
3ObJ6Qra3CkV0gNCRTtK0c,dubstep
37i9dQZF1DX5Q27plkaOQ3,dubstep
37i9dQZF1EIeh9ieKsgN2r,dubstep
37i9dQZF1DX4arVIN5Cg4U,dubstep
4Y8rO67qvdnzb2kXyNfeim,dubstep
37i9dQZF1DX06gZCH3HsWs,dubstep
4YZNKPS9bM3xv1UF4WZil0,dubstep
37i9dQZF1DZ06evO4434GM,dubstep
37i9dQZF1DZ06evO1IUbbq,dubstep
5szak97F9g5KufvE9gI3wZ,dubstep
2e3dcRuo9uDH6qD3NOGKAL,edm
37i9dQZF1DX1kCIzMYtzum,edm
37i9dQZF1EIhSskk1NQ9dI,edm
49YtfnyhKYfRN1OqIOSFeA,edm
1lS6v9h4MXOw6f6y8MkS8w,edm
0ftBbYPc1Oyz7WGokBtBr3,edm
0GoQedvZwO4jaWgtdZXOEs,edm
37i9dQZF1EIdEHUkBXtKK5,edm
37i9dQZF1DX3Kdv0IChEm9,edm
3vdYDhTPS1399eLUzsrPJE,edm
3RxJQGGhaS71GGUNuYEQns,electro
37i9dQZF1EIeZKM1YFAtwx,electro
37i9dQZF1EQp9BVPsNVof1,electro
37i9dQZF1DX0wMD4IoQ5aJ,electro
37i9dQZF1DX3bH0P2uDnWA,electro
4QjYVKQOi6WzYlfCiqGEag,electro
37i9dQZF1DXaRycgyh6kXP,electro
574gu0rKWEABHngdcdYSbJ,electro
37i9dQZF1DX9ND1QF5hZNF,electro
37i9dQZF1EIgtdfeeWwF7B,electro
3RxJQGGhaS71GGUNuYEQns,electronic
37i9dQZF1EIeZKM1YFAtwx,electronic
37i9dQZF1EQp9BVPsNVof1,electronic
37i9dQZF1DX0wMD4IoQ5aJ,electronic
37i9dQZF1EIgtdfeeWwF7B,electronic
37i9dQZF1DXaRycgyh6kXP,electronic
574gu0rKWEABHngdcdYSbJ,electronic
37i9dQZF1DXa1pcUVlBhYz,electronic
3SFXCGMk4EuIwhbn1LswkU,electronic
37i9dQZF1DX1T3AaSrgy9r,electronic
3DSKP7qMB3QsDmHccFO0yR,emo
37i9dQZF1DX9wa6XirBPv8,emo
37i9dQZF1EIhAUAaVF0Kop,emo
2RhOcodie2dtAqhNzFxK7T,emo
0shS8aqWu8BLP8YEdwveGr,emo
37i9dQZF1DX5KAyJZfh4Qa,emo
0UhV9pNkUUbi4mahWXuE5M,emo
3tZoCIlcG96MSffTr3as91,emo
5z5dh9yPJQP5HIArWUzbnY,emo
17kAKP4yzhq1meTt4ebcsH,emo
37i9dQZF1EQp62d3Dl7ECY,folk
37i9dQZF1DWXJyjYpHunCf,folk
37i9dQZF1EIe3texLXLRDS,folk
2lEP7FPdvEoRtPwaVbjEPA,folk
3IWCfag3xFRuQCtLirPTjP,folk
37i9dQZF1DXat5j4Lk8UEj,folk
37i9dQZF1EIfHPcgLOknlT,folk
37i9dQZF1DWT9XEOPDgFX3,folk
37i9dQZF1DXcDxnC0UqHJa,folk
60wAIcF2ffuu1iexmQfZnG,folk
3Emxg4RtNwTFyBUwKU0lGe,forro
5CkHHiI0ieq4J1hPgTPt9q,forro
4JTIyl1FfUqdrd5DZthX9k,forro
5vwa9PNnpysFngDtOFg5Tu,forro
4WylgrWlLPjJBPvd2AZNkq,forro
4d8MsZIS8iGNarMBVMSKLL,forro
0vpVzUtjvPfIxgsA9vLAl4,forro
7mNwdW2F8x1aATqRQC61pn,forro
37i9dQZF1EQm8ieRiSsYFT,forro
3Fv9OoxBejJZJkx2bVBWsj,forro
3x6xRt9FnSbfPbgiO6incZ,french
37i9dQZF1DXbehaqJzJXqw,french
6TxuoHMx9qLTePZGS1CasY,french
37i9dQZF1DX0ZO4kBlpsIH,french
1YmR0lQNYEyE6kAt91IqaJ,french
37i9dQZF1DX9cbNxuNYT3d,french
37i9dQZF1EIeKbVlKa0igq,french
73xZRH7MPyPZUoRkgLgnth,french
37i9dQZF1DZ06evO3QAIHC,french
37i9dQZF1DZ06evO4nYEAu,french
37i9dQZF1EQnJyHBkXpASl,funk
37i9dQZF1EIfqkfSDVB2GV,funk
37i9dQZF1DWWvhKV4FBciw,funk
37i9dQZF1DX70TzPK5buVf,funk
37i9dQZF1DX6drTZKzZwSo,funk
6kOEw0xcu5QKbN9lour0e5,funk
6l0HJ2gBmteUfiNrsc479o,funk
37i9dQZF1EIdcCCZqlL2Fg,funk
6SRtIRHaZzkftDhalDZKtF,funk
4d9FIRJKV1nJDUu6ee4dC6,funk
37i9dQZF1EIdIgV7xVkqjy,garage
37i9dQZF1DX0RJRF55W5lt,garage
5gYNyfu0pZGSdtwpuWW5K2,garage
37i9dQZF1DX6MNYaY0PcFh,garage
3tOKIQoVQ6L1mj9Wz5BV8Z,garage
37i9dQZF1EIguRh8QhPALx,garage
37i9dQZF1DZ06evO3jfamW,garage
3RIb45qQOacnuAtJerXLBU,garage
37i9dQZF1DZ06evO43RbZ6,garage
0iHMEv2JSsu7cgm2LPbzJn,garage
37i9dQZEVXbJiZcmkrIHGU,german
0KwsbLDSEy7A5P9xHn1qGu,german
37i9dQZF1DZ06evO1lOFHj,german
37i9dQZF1EIfyXR9EchWmA,german
37i9dQZF1DZ06evO2Pq97a,german
3x56V2o7iPyCwmp4SW2wcw,german
37i9dQZF1DZ06evO0RW6uB,german
37i9dQZF1EIhQjCMqVAnxG,german
37i9dQZF1DZ06evO3YNIek,german
37i9dQZF1DZ06evO0sSsal,german
37i9dQZF1EId7tcfymT9nk,gospel
37i9dQZF1DXcb6CQIjdqKy,gospel
37i9dQZF1DXbT5gAyEVKuo,gospel
3F00HTJpKi7GbPPAxPEbBf,gospel
37i9dQZF1DWUMIjnZuaulx,gospel
6qhX8g5pVJhzoYoEpXidcF,gospel
6Dn2TQtJsDj5TpgNgN956h,gospel
37i9dQZF1DXaJDplEJVP32,gospel
6uyiOFgs2lRQlZjbzkStmp,gospel
1vUsjeNuBbtmzf7tPmfoUF,gospel
7JtAnuCwN4S6hJ5dL2nGkl,goth
7lLTUKVHlJ4I3f6xRYpZpW,goth
37i9dQZF1EIhJA3ViSnqpT,goth
5N1DE5K2qi2mmAzG6oZAPA,goth
37i9dQZF1EIhlHeRrZsaup,goth
37i9dQZF1DX0Nb1cyWS6Tq,goth
2gNTpZxVxW4KLyceVYFgms,goth
37i9dQZF1EIcJPA7VZL0G6,goth
37i9dQZF1E4AAHyxVfcgTV,goth
2Fq4MTuisZ1uxSY3uvAvSm,goth
0QWDu8Dk7DbloN8TLFWKgA,grindcore
37i9dQZF1EIgFHBMi7n4aZ,grindcore
78FjU6fc4RJRLcPmkacXSn,grindcore
60W8q116fQshw5RDxWAwpK,grindcore
5gPlTSawh7qQYfXIJVJIf0,grindcore
0sAeNf94ZhDKgwvpEuLPf4,grindcore
63MZ2oHPGkx6eB5PNNFY15,grindcore
5aruAwB85oqLxZdTmdocUh,grindcore
7ltqnVHMGG35lqfjWrh2Pg,grindcore
37i9dQZF1DXbl9rMxGEmRC,grindcore
0lDVSg8KQuidmRrMkWcOSB,groove
37i9dQZF1EIhMHNZW8S7ky,groove
37i9dQZF1DWUS3jbm4YExP,groove
37i9dQZF1DX1tW4VlEfDSS,groove
24y2slE56YDOTR2t4Zr1lR,groove
04xcPOfOdpzHAsO61Z9dDp,groove
37i9dQZF1DZ06evO3BQXT0,groove
5SN4qof9lfpzOmbN46VtLx,groove
37i9dQZF1EIcCL8b99YRCA,groove
37i9dQZF1DWYZ7fMlF5ORU,groove
37i9dQZF1DX11ghcIxjcjE,grunge
1wSNdUthGb0OI64uXJfSbP,grunge
37i9dQZF1EIcpZCXN80nLP,grunge
37i9dQZF1DZ06evO2zKv7o,grunge
37i9dQZF1DZ06evO2wwEH8,grunge
7fKTAII5WA4QSAwIEXDX4P,grunge
1AHu1KznCUi9drUDx82Tq6,grunge
2NfKuimnrqH31osx7GXnhl,grunge
37i9dQZF1EIg8YYAVpIAIT,grunge
37i9dQZF1EIepjMYfBpwfx,grunge
37i9dQZF1DX2UkbeRPWQqZ,guitar
2ZONg885GRx1XlgcsNVzLk,guitar
37i9dQZF1DX0jgyAiPl8Af,guitar
37i9dQZF1DWTRnup1IgL4a,guitar
37i9dQZF1DWSlJG7YPUBHF,guitar
37i9dQZF1DWXRIPBpg9WV1,guitar
6sNmcBexGD8i351KkEDwa0,guitar
3CKk6GCnAFIndCLFdREdxF,guitar
0coC2vpi1TWtuz1YJtB7fl,guitar
37i9dQZF1DXeanowPcWEJB,guitar
37i9dQZF1DWSf2RDTDayIx,happy
37i9dQZF1EIgG2NEOhqsD7,happy
37i9dQZF1DXdPec7aLTmlC,happy
37i9dQZF1EVJSvZp5AOML2,happy
37i9dQZF1DX84kJlLdo9vT,happy
0RH319xCjeU8VyTSqCF6M4,happy
37i9dQZF1EIfAiavURxjpo,happy
7GhawGpb43Ctkq3PRP1fOL,happy
37i9dQZF1DX1WSnLRtI26o,happy
37i9dQZF1DXbpR3uCBnjpF,happy
37i9dQZF1DX1X7WV84927n,hard-rock
37i9dQZF1DWWJOmJ7nRx0C,hard-rock
1GXRoQWlxTNQiMNkOe7RqA,hard-rock
37i9dQZF1DX68H8ZujdnN7,hard-rock
37i9dQZF1DZ06evO0VmFix,hard-rock
37i9dQZF1EIgn86nF8nNIO,hard-rock
3FdIr1hxVex2kDVUztbY0k,hard-rock
37i9dQZF1DZ06evO3IyDMl,hard-rock
37i9dQZF1EIfIN2CFPjO2u,hard-rock
0Bosi20LaeNMbimMkpBwjU,hard-rock
4j2qFP3ocoWTFeZulZ9s3h,hardcore
37i9dQZF1EIexrP9IBJXx5,hardcore
37i9dQZF1DZ06evO30n7sZ,hardcore
2GEXzPeksIINQMTivWQ2el,hardcore
37i9dQZF1DZ06evO1mcAeK,hardcore
37i9dQZF1EIgn86nF8nNIO,hardcore
37i9dQZF1EIeX0uT6Lw9dP,hardcore
37i9dQZF1DZ06evO3VSBZT,hardcore
6B4kAIimKKskZw9ObUSfHe,hardcore
37i9dQZF1EIf1jaKJ8g3B3,hardcore
37i9dQZF1DX0pH2SQMRXnC,hardstyle
766wQ733vRmpmKqIU5fyvR,hardstyle
1IpqEfxwIL2yhjkR7gbhIv,hardstyle
37i9dQZF1DX6scD2GXri65,hardstyle
34TnNnLB9kwNJTSFRw7HWb,hardstyle
37i9dQZF1EIeB9iiZ7B68a,hardstyle
37i9dQZF1DWWz3YvZd9NIz,hardstyle
31ot9dglNeVWIXwNZ7c3TG,hardstyle
37i9dQZF1DX7NhGf24haor,hardstyle
18LFDE2GuHfxbCOqycrPSg,hardstyle
37i9dQZF1DX9qNs32fujYe,heavy-metal
37i9dQZF1EQpgT26jgbgRI,heavy-metal
27gN69ebwiJRtXEboL12Ih,heavy-metal
37i9dQZF1DWTkAAxHJcOAV,heavy-metal
6f36ma26ZFVQJ5ENPCTmYM,heavy-metal
37i9dQZF1DXdO9cVSlXgg6,heavy-metal
1TdzC5G2glBWg2GWC2klvV,heavy-metal
1oWD4uRPIsVvFFMPYeUDZR,heavy-metal
4ctiPQFknB6x77F0pcr5Co,heavy-metal
04XupX5bb49GGd6w7NP8ni,heavy-metal
37i9dQZF1EQnqst5TRi17F,hip-hop
4aM6rtasCot5XbqjEjp5XZ,hip-hop
0sbl1Ox1yjPUV50qD1JqlV,hip-hop
37i9dQZF1DXbkfWVLd8wE3,hip-hop
4OM5jHiPp1pjYNbDQtqXsr,hip-hop
3RcRK9HGTAm9eLW1LepWKZ,hip-hop
37i9dQZF1DX48TTZL62Yht,hip-hop
2NoR0KhNZ8oZnC3HoNt2FV,hip-hop
5DZ93TH6ABgWYRgdBNJs8O,hip-hop
37i9dQZF1DX9XeSNHcmQdR,hip-hop
0WXUIHpL13jprvA2DDohTy,holidays
2cXAvcqfqVLJK7IPiPvEQe,holidays
37i9dQZF1DXbjYER0JjzBA,holidays
0ezHOLtd0t2uRDG7Fa1Qye,holidays
37i9dQZF1DX6R7QUWePReA,holidays
37i9dQZF1DX0HWhBzpBj05,holidays
1KFOvnwqjeCpYTSC91wM4U,holidays
37i9dQZF1DX5h2VnNTubsH,holidays
6wnB5R51fdDnpSOh7Fe7an,holidays
37i9dQZF1DWXafDxrfH6fB,holidays
37i9dQZF1EIdwfjAXFTbHu,honky-tonk
75vKOnfctBdBeVy1vru9FO,honky-tonk
35bWsU654DdPT8I42EZ3N1,honky-tonk
6H42wZPCR9igGaLTzvGHUF,honky-tonk
3LniuRlriqFTbfxWXxLLuF,honky-tonk
3UzQB4xCh9zKjAbrk0p4q1,honky-tonk
3Nj1QuqbsSdLkNfIwuvRt5,honky-tonk
4GkqQgJhwMNIKhH29Ngtd5,honky-tonk
21EH4WdL0L6ag8E687aX2v,honky-tonk
5U2zl2CyeWfkLLym7OeMU2,honky-tonk
37i9dQZF1DXa8NOEUWPn9W,house
37i9dQZF1EQpoj8u9Hn81e,house
37i9dQZF1DWT0IiTU5mrJ9,house
7bu7BZEusLNJSaAuUUZBKn,house
37i9dQZF1EIe4rHsZEGpND,house
37i9dQZF1DX8wtrGDH81Oa,house
0GoQedvZwO4jaWgtdZXOEs,house
37i9dQZF1DXacX3REVaOqV,house
44XGM3JWqNUyydk4WUDDJa,house
2otQLmbi8QWHjDfq3eL0DC,house
37i9dQZF1DXbjZQOVqxNHv,idm
37i9dQZF1EIhhYaZrcV483,idm
37i9dQZF1EIgQUMSXLxDYZ,idm
5A11oPDlc0yP5h1qvCsAKR,idm
6t93D5kmpPfeGwAm7VMej8,idm
11HwkLWKaxexBgvi8vfbVa,idm
1jLl8mcqrJcirbxCJ0P7Uu,idm
5J8FVDoavW5jk5NqkZHDsV,idm
1YKf425Fd6MWrTYpSAQClo,idm
2PUdNbjXpTxBZee4fG7s23,idm
37i9dQZF1DX3AQIJcCkXwU,indian
2VHdhD77ZP0A3GuJ1MVEfQ,indian
6OyWlWooBxAXeTSrDTlFEj,indian
2nu9t89Fyee7bIhpTkzj1o,indian
37i9dQZF1DX5q67ZpWyRrZ,indian
4W2rYbLFKsJIZxBG5BQqsl,indian
37i9dQZF1DX3LrQBSMX6aK,indian
6eLh6cgzgj2Hm4qicO1vjZ,indian
37i9dQZF1DXd9Uz5V4eZsn,indian
37i9dQZF1EIcSCN1cKi1G4,indian
37i9dQZF1EQqkOPvHGajmW,indie
6sW4D9w9YMtIFMO0Ap5NzP,indie
37i9dQZF1EIcqNFLKnDOcZ,indie
30P92I2OezocHQOfm7WTni,indie
37i9dQZF1EIhsvAFc3pIY4,indie
37i9dQZF1DXb9izPIc0SCS,indie
4OzO4LE6QJanTNu7HTfIYx,indie
37i9dQZF1DWUoqEG4WY6ce,indie
37i9dQZF1DWWEcRhUVtL8n,indie
37i9dQZF1DX9B1hu73DioC,indie
37i9dQZF1DWWEcRhUVtL8n,indie-pop
37i9dQZF1EQqkOPvHGajmW,indie-pop
1M86bFxcNXiQRueaQ80f1X,indie-pop
37i9dQZF1EIhsvAFc3pIY4,indie-pop
37i9dQZF1DXaLaoaQqrfyO,indie-pop
37i9dQZF1DX9LbdoYID5v7,indie-pop
37i9dQZF1DX5y8xoSWyhcz,indie-pop
576AgeN3hHlgvXtc3dgxG9,indie-pop
3AKGTEanSdOnQEWOVTMghD,indie-pop
37i9dQZF1DX0Uo5pVktwNd,indie-pop
37i9dQZF1DX29LQDcJ6Xy7,industrial
37i9dQZF1EIhyR0lepxrYF,industrial
37i9dQZF1DZ06evO1RZogK,industrial
37i9dQZF1EIdCN0JCOlZaC,industrial
37i9dQZF1DZ06evO0e9vNf,industrial
37i9dQZF1DX9ilnsFNjAAc,industrial
6yFXllxR12DDleCOeSf663,industrial
0tJkNkIFs01uLdOrnFdBrO,industrial
6ResEF4Nbv99cx1vWTO3e8,industrial
37i9dQZF1EIhhvDMLjuHab,industrial
7eCGnKsPKwUSC2IPIpfDbt,iranian
37i9dQZF1DWTdXUHh0Sn4s,iranian
4kdhJCPZl10EM5BtLkvV0H,iranian
37i9dQZF1DWYFMHhQ3tGnT,iranian
37i9dQZF1EIhCF5sJU5qHx,iranian
37i9dQZF1DX95RTKCyCPUA,iranian
02FEOHEBXWQIOHBAhOB73V,iranian
37i9dQZF1DZ06evO0bfWRa,iranian
0TErhH1n9C8Fnd5OlduTzC,iranian
70RNYDzrvGZrxOFDrmb7If,j-dance
37i9dQZF1DXahYFr91pFvG,j-dance
37i9dQZF1DWSf2RDTDayIx,j-dance
37i9dQZF1DXdbRLJPSmnyq,j-dance
59C8OUKFlNKHVyUPueoauL,j-dance
37i9dQZF1DXafb0IuPwJyF,j-dance
4a6u9yKiIN7DUJufUM3tI4,j-dance
37i9dQZF1DX9ww9tisjowN,j-dance
4SRakitcSBo1FotgLGRWoq,j-dance
37i9dQZF1DWWGewPG5S5oE,j-dance
2s3wTM8U5NsgfY21V78J11,j-idol
37i9dQZF1DX6ntWKaOqGAp,j-idol
2XQbberSHd0oWSuNQTRfYT,j-idol
37i9dQZF1DWSGR2XLfOnfo,j-idol
4IM64eFhY70SIBaeeH2tNB,j-idol
37i9dQZF1DWSqSYn2sR1OB,j-idol
4M3hSfCIC3Pd31f6PYobwt,j-idol
37i9dQZF1DX8PLev4Ol7Ml,j-idol
37i9dQZF1DWWvvyNmW9V9a,j-idol
37i9dQZF1DZ06evO0GvuCT,j-idol
37i9dQZF1DXdbRLJPSmnyq,j-pop
37i9dQZF1EQoowv2cDraCW,j-pop
1NztXqTuhQY391AFxbqxGb,j-pop
1P1pdhonI14PgGBJYnVhPb,j-pop
5SY8V1uXPByFVrkJFNdTJG,j-pop
5QTlpCHrbFlDmIisQfnaXK,j-pop
7gyeEhrwgxezLxlqhuJa1b,j-pop
78pUNUSuERC7oVGjQ8WZRm,j-pop
7lGmJcLihxa3bVawvCsCpW,j-pop
01SI5VhqShoFHEOERLHfCo,j-pop
7kwiqkDS6ZD7tujyQKZpgP,j-rock
37i9dQZF1EIee87lBxOFXP,j-rock
37i9dQZF1DX6ntWKaOqGAp,j-rock
37i9dQZF1DWSGR2XLfOnfo,j-rock
7F1Ki7aGqkCte0u85xwnz1,j-rock
37i9dQZF1DX54Fkcz35jfT,j-rock
6fb3ucS36vZMn6B6Ohiq2r,j-rock
5SY8V1uXPByFVrkJFNdTJG,j-rock
37i9dQZF1DXafb0IuPwJyF,j-rock
1qJT199vEs1RifAiIsblKK,j-rock
37i9dQZF1DWV7EzJMK2FUI,jazz
37i9dQZF1EQqA6klNdJvwx,jazz
37i9dQZF1DXbITWG1ZJKYt,jazz
37i9dQZF1DXa1rZf8gLhyz,jazz
15U9N9qC3XMs0z7jyfOMgN,jazz
37i9dQZF1DXdziGPHNE40t,jazz
37i9dQZF1DX0SM0LYsmbMT,jazz
37i9dQZF1DX4wta20PHgwo,jazz
37i9dQZF1DX7YCknf2jT6s,jazz
37i9dQZF1DX3SiCzCxMDOH,jazz
37i9dQZF1DX9tPFwDMOaN1,k-pop
37i9dQZF1EQpesGsmIyqcW,k-pop
37i9dQZF1DWYbyYXnUYgqZ,k-pop
37i9dQZF1DX1LU4UHKqdtg,k-pop
2EoheVFjqIxgJMb8VnDRtZ,k-pop
37i9dQZF1DX4FcAKI5Nhzq,k-pop
0jBy7AoqEFcY2xc57sSlTW,k-pop
37i9dQZF1DX1wdZM1FEz79,k-pop
4JcbaaznRdlWyzkXrDC7C6,k-pop
37i9dQZF1DWZYjbSZYSpu6,k-pop
5AgbgStY8A4C6C2WkA2GeV,kids
1ynJ63k9UYnKQWH2Q0KMml,kids
1P27ra5VqAizmkcUzVAvp2,kids
7LD17YaJftpf0WMg40h25L,kids
1IC7P7Pj3mnc3EOs56oeSi,kids
4Jy0ot7vf9zW85vIRjxj5Z,kids
6eQWxeyBWvxQ0BsQM4mZRE,kids
38zkvzepAtExOfINVfpOA7,kids
0bgvnjkoDnU2CYRLyRZewX,kids
4HUsLukv5suLE2I3G2jvci,kids
37i9dQZF1DWVcbzTgVpNRm,latin
7vI0tN3yUn07dkK9T6p2pg,latin
37i9dQZF1DXbLMw3ry7d7k,latin
37i9dQZF1EQmK1rjZuPGDt,latin
37i9dQZF1DX6ThddIjWuGT,latin
0q1di38xTtJS21GjOtaeNb,latin
37i9dQZF1EIcEtgFFzwTI9,latin
37i9dQZF1DWXmQEAjlxGhi,latin
37i9dQZF1DX43v1NFXUzji,latin
37i9dQZF1DX10zKzsJ2jva,latin
7vI0tN3yUn07dkK9T6p2pg,latino
37i9dQZF1DX10zKzsJ2jva,latino
1QEFNmztK9YXmQmuSFeBOn,latino
37i9dQZF1DXb39rhYOQBVZ,latino
0TAuePaYSajuJgYZEhnk8A,latino
37i9dQZF1EQmK1rjZuPGDt,latino
37i9dQZF1DXbLMw3ry7d7k,latino
1amPv4WLmtqRrPUSzxADyG,latino
3K69ePExjyKCbKQN6F8Gf8,latino
37i9dQZF1DWYK2yx0OW9Kj,latino
29oXKZddjSjYLytHYfejdq,malay
37i9dQZF1DX688wU47emR9,malay
16aehfLcwcMwpqgKlf8aYJ,malay
37i9dQZF1DWTYKFynxp6Fs,malay
4hCYrw9falmoC02z3ewRxB,malay
1PB1GJiKayzcmlA7fSahe1,malay
37i9dQZF1DX7ko3EzbLi5w,malay
37i9dQZF1DX54H77RAFJQ9,malay
37i9dQZEVXbJlfUljuZExa,malay
37i9dQZF1DX0YqJHUZrLcd,malay
37i9dQZF1DXahjk49z40fT,mandopop
5Nizh1wNoUfnaW5Y8q4F0l,mandopop
37i9dQZF1EQpwudUiy0F5a,mandopop
37i9dQZF1DWWqC43bGTcPc,mandopop
75ACsNFnmtZjkh5TkKsbVl,mandopop
37i9dQZF1DX92Z0nRvikjz,mandopop
1cx0Gbqhb7rT3aHUQbQiTQ,mandopop
37i9dQZF1DXdGUQjVlqY2Q,mandopop
37i9dQZF1EIh3OlaO6DGsV,mandopop
37i9dQZF1EIev0qkvO12vy,mandopop
37i9dQZF1EQpgT26jgbgRI,metal
37i9dQZF1DWWOaP4H0w5b0,metal
37i9dQZF1EIgtj4OvJCT7Q,metal
3amsAAZS7PfJyenaj92MrY,metal
37i9dQZF1EIfqsZhLCYSLK,metal
37i9dQZF1DX6P51sFpSo2r,metal
37i9dQZF1E4EBdeEVqipSd,metal
37i9dQZF1DZ06evO1sJmec,metal
37i9dQZF1DX06VUQ1GoKge,metal
37i9dQZF1DX9qNs32fujYe,metal
38Sq73vtMyKNxkB8Q1pPbB,metal-misc
37i9dQZF1EQpgT26jgbgRI,metal-misc
6CyF9CFRz9OitXdUk915F0,metal-misc
37i9dQZF1DWWOaP4H0w5b0,metal-misc
3631BXQKuMQNrN8g7D9d5X,metal-misc
37i9dQZF1DWTcqUzwhNmKv,metal-misc
0AuZlGlOmCOsxRiGEFgvFy,metal-misc
37i9dQZF1DWTXGqmP0bfT3,metal-misc
09V4OSqfxTvayfaJmbiJge,metal-misc
37i9dQZF1DX0cZz7nWHy0s,metal-misc
79QHayucQm6M4wUlUbhQNQ,metalcore
37i9dQZF1EIgtj4OvJCT7Q,metalcore
37i9dQZF1DX6P51sFpSo2r,metalcore
37i9dQZF1DWXIcbzpLauPS,metalcore
0M1yThGFXNIeyf4Ys9S3oc,metalcore
37i9dQZF1DX1cJWWyylDuw,metalcore
2wpjjP9txK25PauX0dQRC1,metalcore
37i9dQZF1DWUJiNTfqDwyS,metalcore
7eEj4ZU340ZGo5iDXkDhhJ,metalcore
7iMvDGAFnyEb69EFOrSfcJ,metalcore
0B3WoheGNqol1B69LM9Y8n,minimal-techno
37i9dQZF1DX2NGnjkcgcaI,minimal-techno
6yUIpOBRbwNxUwJB0Q2BFH,minimal-techno
7Anb1HtKdhvK3Pb1d36f22,minimal-techno
37i9dQZF1DWSI21IGRaeuC,minimal-techno
37i9dQZF1DZ06evO3fvRPW,minimal-techno
59KuQSm27IfRylpXxz9KrM,minimal-techno
37i9dQZF1EIeF5mYoojHrz,minimal-techno
37i9dQZF1DZ06evO4l1dc3,minimal-techno
37i9dQZF1DZ06evO21CmVW,minimal-techno
3xDZLZNqwNaNQPl54ol6FW,movies
7BUqHtLca5b1uMuyfhahXD,movies
37i9dQZF1DXb69UWhjrXsW,movies
4TV8z65fRv8iEnbgeczApq,movies
4Y50rbQhXrQWULfYyKKIh6,movies
37i9dQZF1DWSTaQaBvEjPm,movies
4LstpalKEOME4XqXemJxMQ,movies
6l9X9ZY01MoeOlyjJdYuL4,movies
37i9dQZF1DX6e4vXfFIo7w,movies
6q6Sx4MWx0HMD6w4I6MvOG,movies
6u67VfC7voYC3PFazJixAK,mpb
3Jnc8tKbg6B7nZy0K5lCem,mpb
37i9dQZF1DWZ0Oz7bYbAQU,mpb
5x2Cps2k22PkpZy1WzJM9Y,mpb
6G4O7YRLjTk4T4VPa4fDAM,mpb
37i9dQZF1EQrjpWhpIezMF,mpb
6Uq9HS1D7yWXavhcfunSZm,mpb
37i9dQZF1DX9FSYmdU9mbT,mpb
717vQWE0M19RbVhOY1gI3l,mpb
37i9dQZF1DWTo2LqahHGYj,mpb
37i9dQZF1DWTWhA27mtRFK,new-age
37i9dQZF1EIf5tEX16x28Z,new-age
37i9dQZF1DX8ME1cOz1QtO,new-age
37i9dQZF1DX7QGYV9jyeOE,new-age
7oMrK2WzCdT1qU9ED4qZs7,new-age
37i9dQZF1DZ06evO2Jxwgo,new-age
37i9dQZF1DZ06evO2uq6xq,new-age
2Vv00PmmyTVqqMi8PUnBP7,new-age
6N0FfERw8n7u04edmj4nwy,new-age
37i9dQZF1DZ06evO1kiTiU,new-age
593HKP3qHQXS0RLZmeeHly,new-release
0UmUbI94kAb6mGjky6bAN0,new-release
37i9dQZF1DX4JAvHpjipBk,new-release
5CMK1oSMct45aqfQpI98V5,new-release
69AQjfZaYdWcJwaeeZ59Or,new-release
37i9dQZF1DWVn8zvR5ROMB,new-release
13vQRuocCZK5DVHyXnzLZZ,new-release
5kJAhwxGANUYszmKxdMysX,new-release
0Vv5MBYZL6uY57GKdHfKhS,new-release
1ZAEhNlY8C64r2kmOFvQdT,new-release
37i9dQZF1DWVY4eLfA3XFQ,opera
2PjVPkj4a9kBvQIXaZ6UUt,opera
37i9dQZF1DWVfS4Cdd3PNf,opera
2FrRbkyuPEzGpZD5UxA88S,opera
6G9OnpvG8muxP9OMexeWYm,opera
3oQ612OR3omBr3uTyIJCtU,opera
0Rng3gxoKveMkTpxM8kWLU,opera
37i9dQZF1EIhO4cmsxZW33,opera
4cw1wymkSD6bviyDty6ZO8,opera
7vYnb6wd7j8se6gxKWFmIV,opera
2qx55GWmltAZNh4B4I1DGq,pagode
37i9dQZF1DXchBFvKSUooB,pagode
01pZt2y4TJEmqhjPqHofaJ,pagode
37i9dQZF1DWVjNkaVEkL3X,pagode
1lmMevllEIgrRrmL8jRTlg,pagode
37i9dQZF1DX7CZIZFUsRDm,pagode
44rrWDJeyqOx4SVvUI3kZU,pagode
37i9dQZF1DWWWv7yywepel,pagode
37i9dQZF1DX4hOz6C9ArMY,pagode
58dXXR0V4xVYoWdgRqiFJY,pagode
37i9dQZF1DXcSzYlwgjiSi,party
5xS3Gi0fA3Uo6RScucyct6,party
37i9dQZF1DXa2PvUpywmrr,party
37i9dQZF1EIdzRg9sDFEY3,party
67wqv974wApPdKipmNcImY,party
6TNd5G3BKe4YmwqIr623Xg,party
4oYSWmdhUMwEu0yAFA47lZ,party
37i9dQZF1DWWylYLMvjuRG,party
5WkyLjhutwLF7fGuac7pI4,party
37i9dQZF1DX7e8TjkFNKWH,party
5AwL6xe8QrZFy1Bhi3nZB2,philippines-opm
37i9dQZF1DX4olOMiqFeqU,philippines-opm
6ZCxh3XHVZMfKgh3OiNmtI,philippines-opm
37i9dQZF1DWT4GbvSrNWS6,philippines-opm
05yxsbRwtAWWxP1dGuvZM1,philippines-opm
37i9dQZF1DX7Jerj8LqApV,philippines-opm
6ogbuVMmLdhiFq7IZTL2TV,philippines-opm
37i9dQZF1DWXwcRDYKpcpF,philippines-opm
6FLoOy6epn1O4IK0vbkFqh,philippines-opm
37i9dQZF1DX53n2vsU9kOm,philippines-opm
37i9dQZF1DX4sWSpwq3LiO,piano
2dFYbLO2e91eiXispfv616,piano
37i9dQZF1DWVIzZt2GAU4X,piano
37i9dQZF1DX7K31D69s4M1,piano
2q7U9Dh7buTnrwHEWxcxiq,piano
37i9dQZF1DWUh7dobVCfAj,piano
6sWNtqsq1ip2quKm6U3UvD,piano
37i9dQZF1DX3TPMgP3ojGS,piano
3X3918AIqnnWMouJS6Xt0F,piano
37i9dQZF1DWUqIzZNMSCv3,piano
37i9dQZF1EQncLwOalG3K7,pop
6mtYuOxzl58vSGnEDtZ9uB,pop
58ObJtUUZ3FBrrwpRVQypW,pop
37i9dQZF1DWUa8ZRTfalHk,pop
37i9dQZF1EIg1p0x6beBBb,pop
37i9dQZF1DWSVpJBtEkFud,pop
37i9dQZF1DXcBWIGoYBM5M,pop
37i9dQZF1DXadasIcsfbqh,pop
3JoHkM90TXzfIS1RMN0Cgd,pop
37i9dQZF1DX2KwEtNSejGe,pop
37i9dQZF1DXd4bJEFQJTXh,pop-film
37i9dQZF1DXb69UWhjrXsW,pop-film
37i9dQZF1DX02eDwx1lJyn,pop-film
37i9dQZF1DX5Hl0iWtr5b3,pop-film
00g2BCe9cqCeRyPnJy6zUa,pop-film
37i9dQZF1DWXti3N4Wp5xy,pop-film
6PRqwstf5fvXtuqgqdQ3wR,pop-film
37i9dQZF1DWXJyjYpHunCf,pop-film
1okB7WQtEd2mBvecLuWrTL,pop-film
37i9dQZF1DX11otjJ7crqp,pop-film
7a1pH2fFKnVLCzCUfT4ypW,post-dubstep
37i9dQZF1DX4arVIN5Cg4U,post-dubstep
3UGuocxkhuYh6aXY1G7PXE,post-dubstep
37i9dQZF1EIhwKe5Fazast,post-dubstep
37i9dQZF1DX5Q27plkaOQ3,post-dubstep
05nod35UftvhXmnfDwx9JK,post-dubstep
37i9dQZF1DX06gZCH3HsWs,post-dubstep
4RrA4WlKE2HlqMCjGKrAef,post-dubstep
37i9dQZF1DZ06evO4pUp9v,post-dubstep
37i9dQZF1DZ06evO4434GM,post-dubstep
37i9dQZF1DX5W4wuxak2hE,power-pop
7M6E5CcBmt87n1hyJigzw7,power-pop
37i9dQZF1DX5gQonLbZD9s,power-pop
37i9dQZF1EId8G0mo2tJMJ,power-pop
3glZFmhRvNEDNKfwLgv6cj,power-pop
37i9dQZF1DX6taq20FeuKj,power-pop
64UwnOgUS3wlPm8Plvgw3y,power-pop
37i9dQZF1DX82Zzp6AKx64,power-pop
37i9dQZF1DX0vHZ8elq0UK,power-pop
3ONv5VxFGJzlLklUbqCLZb,power-pop
37i9dQZF1EIfwlfJi9BTMY,progressive-house
37i9dQZF1DX5wgKYQVRARv,progressive-house
5S33MuzhWWNW57z49eBSui,progressive-house
37i9dQZF1DX0uqkwkR49kK,progressive-house
5CMvAWTlDPdZnkleiTHyyo,progressive-house
37i9dQZF1DX9NNVWdU83m6,progressive-house
626UDFY53J9Fma3om0Jkx8,progressive-house
37i9dQZF1DZ06evO2WXCg2,progressive-house
6JcBwspcgUBohikbK8vSzn,progressive-house
6cKdPpXVGLTy3dA5tv0DbV,progressive-house
3wWwgsVakWeXJDKVidAf08,psych-rock
37i9dQZF1DWSDoVybeQisg,psych-rock
319t3dvb9frLPaUMygCCbL,psych-rock
37i9dQZF1DX8gDIpdqp1XJ,psych-rock
7gJ5AstlyjTSWzpYiMlZC6,psych-rock
37i9dQZF1DX2FJ4E5eMYdk,psych-rock
37i9dQZF1DWXWbLEOaHnU3,psych-rock
37i9dQZF1DX7k3T9O9bscd,psych-rock
37i9dQZF1DX0uqkwkR49kK,psych-rock
37i9dQZF1EIdrRt8pFYzna,psych-rock
37i9dQZF1EQqlvxWrOgFZm,punk
37i9dQZF1EIfCD6nwYB5OF,punk
37i9dQZF1DXd6tJtr4qeot,punk
37i9dQZF1DX3LDIBRoaCDQ,punk
72t3yqJQzJrupxWVyBFztJ,punk
1jQx9cBFAsfnMV0tckNMQz,punk
37i9dQZF1DX0BZrbvIqxCd,punk
48WYkRsVDHdV9uoGINrUrv,punk
39sVxPTg7BKwrf2MfgrtcD,punk
37i9dQZF1DXcBkxDaAQX0a,punk
37i9dQZF1EIfCD6nwYB5OF,punk-rock
37i9dQZF1EQqlvxWrOgFZm,punk-rock
37i9dQZF1DX0BZrbvIqxCd,punk-rock
37i9dQZF1DXd6tJtr4qeot,punk-rock
1jQx9cBFAsfnMV0tckNMQz,punk-rock
5sxuwIQlaByb6Sx2OEwWTx,punk-rock
0QoqnQL5oosqM7Non9KLGh,punk-rock
37i9dQZF1DX3LDIBRoaCDQ,punk-rock
39sVxPTg7BKwrf2MfgrtcD,punk-rock
64R9EO9wBoeDSUG1txVpI6,punk-rock
23uuyNsTY6uamCU8X1WhjL,r-n-b
2QuptiLhjjDun1OJ3YVHxY,r-n-b
610hQO3z5ux969JaTamzps,r-n-b
0X5hpXr6mdv1JrQtzDETsC,r-n-b
678RwBszgPh6zAduXcWTWU,r-n-b
23JhP5EiDoo3C8Nhj5djdz,r-n-b
38WRsCpHoSEvlAbxw8ZEnP,r-n-b
0VABoUGkeBHCOK0nmzwEn4,r-n-b
0EBJEiwStmRF121cgdEK7x,r-n-b
6hjMOz5YcBGt9UEAEHneNn,r-n-b
7wXmD38veMNSjjKSBA9fL6,rainy-day
37i9dQZF1DXbvABJXBIyiY,rainy-day
37i9dQZF1DWYxwmBaMqxsl,rainy-day
37i9dQZF1DX4uB43NNq1P7,rainy-day
37i9dQZF1EIgb4cSH0nxB3,rainy-day
2gfqKlN3egeoGpY9ht06Av,rainy-day
33YhqQUky2PmDVoHQnnYz2,rainy-day
3UtpEjUoftVdvx0rm5kDzZ,rainy-day
3r82Jvzw3SSGKKiKf3dXMM,rainy-day
3GWFbJN7QQoaxwcoCBF0um,rainy-day
37i9dQZF1DWY7IeIP1cdjF,reggae
37i9dQZF1EQpjs4F0vUZ1x,reggae
03sDEv7FN58Mb9CJOs1Tgn,reggae
7ctcnSkvchrp7rBhMGUJF8,reggae
37i9dQZF1DXbSbnqxMTGx9,reggae
37i9dQZF1DX2oc5aN4UDfD,reggae
37i9dQZF1DWWU6Rfto8Ppm,reggae
37i9dQZF1DXbwoaqxaoAVr,reggae
37i9dQZF1DXawmJ5HnBNtX,reggae
37i9dQZF1EQmg9rwHdCwFW,reggae
37i9dQZF1DWY7IeIP1cdjF,reggaeton
03sDEv7FN58Mb9CJOs1Tgn,reggaeton
4kNsloRA6w7QuFKQhfK6Xr,reggaeton
37i9dQZF1EQmg9rwHdCwFW,reggaeton
37i9dQZF1DWZjqjZMudx9T,reggaeton
37i9dQZF1DWWU6Rfto8Ppm,reggaeton
37i9dQZF1DXawmJ5HnBNtX,reggaeton
3z0zQdiFbPdiZ1I7xRpqPx,reggaeton
37i9dQZF1DWUArRC04H8rI,reggaeton
3gHH9sIe79r7Y082jIV1Cu,reggaeton
37i9dQZF1DWSY3qrD2Jh0k,road-trip
37i9dQZF1EIfxw8oghwfcN,road-trip
37i9dQZF1DX9wC1KY45plY,road-trip
7iJdUHoA5Zi2GkCeBgPgau,road-trip
6Yxala3CaS0zz2IedBds4V,road-trip
37i9dQZF1DWWiDhnQ2IIru,road-trip
37i9dQZF1DWSVpJBtEkFud,road-trip
2RXo2hXVVrOEMYOa77VMNN,road-trip
37i9dQZF1DWUoqEG4WY6ce,road-trip
37i9dQZF1DWV8IND7NkP2W,road-trip
37i9dQZF1EQpj7X7UK8OOF,rock
0A2rkMxcYxzYsNRSCdvHyh,rock
37i9dQZF1DWXRqgorJj26U,rock
2cCaCNdvbqrnIzpsbQc7jF,rock
0nlB4rZ5Ng82YoDvOHYqaf,rock
37i9dQZF1EIf9QdS3bOrgZ,rock
37i9dQZF1DXcF6B6QPhFDv,rock
6pnjjHaIuQ1HqB9tIoCMay,rock
37i9dQZF1DWYN0zdqzbEwl,rock
29RO0worSJjuu77SI7GXoR,rock
67tgN3RZt5q1FzAujob63A,rock-n-roll
37i9dQZF1DWZRAOlygQnpT,rock-n-roll
37i9dQZF1DWWNdUy4Dt6x4,rock-n-roll
37i9dQZF1DZ06evO4r3I7e,rock-n-roll
4cYm1jyrUfdC1jDWebtuNJ,rock-n-roll
1rjff7PMK1BJaOEnjxiadB,rock-n-roll
58qYywR5XHUcCQCULBQIFp,rock-n-roll
1VWHh8LRQXNJlStL0oBdpT,rock-n-roll
5qPWD4ZOGUDXrUfLC9qXN5,rock-n-roll
1EJAk92Ncfi89QgFkOaAXt,rock-n-roll
37i9dQZF1DX47i8ytbYGJE,rockabilly
37i9dQZF1EIeHvZmy4J1QS,rockabilly
37i9dQZF1DX0xLQsW8b5Zx,rockabilly
37i9dQZF1DXbvE0SE0Cczh,rockabilly
2YTulhSLNCRGTRLLaNLcIG,rockabilly
37i9dQZF1DWVhEq8aJ7AYV,rockabilly
5R1ZFCiUiKnX4rT6eZ7YI4,rockabilly
7cBXrT2eu7jhwRpbMW8PJe,rockabilly
37i9dQZF1DX7KwBiutIRku,rockabilly
5k767i6buIfL5GmaoMeVUs,rockabilly
37i9dQZF1DXaaA14YcUIMA,romance
37i9dQZF1EVGJJ3r00UGAt,romance
37i9dQZF1DX6DLB6M8zkNk,romance
628yTDXyiEz7hw6DBL530A,romance
4c8MUTW1ipZsO7lM9t8BIa,romance
37i9dQZF1DX894PYVoChlV,romance
6xvIFqlCwLHLLdVqmncKyb,romance
1LeXMB3SOShubEJblbxtg0,romance
37i9dQZF1DX4s3V2rTswzO,romance
3AJZI2P4mMDABYyjGhfJl7,romance
6XUZjAK0ipgv29UvKTyyor,sad
37i9dQZF1EIdChYeHNDfK5,sad
2PuBg5YRlrrVYdgUUUaInC,sad
54NczufWOFmJ5jUVvRPxaF,sad
37i9dQZF1EIg6gLNLe52Bd,sad
37i9dQZF1DWZQGZ7yvpH00,sad
6yYA6aUGp8qUTgQWWYkPkP,sad
37i9dQZF1DWSqBruwoIXkA,sad
3c0Nv5CY6TIaRszlTZbUFk,sad
2tN9jIiiCBLCSAVuaVvgHX,sad
37i9dQZF1DX7SeoIaFyTmA,salsa
5khN4UX55KVjaFPXHq2ydq,salsa
03DvNUTrjUNbHBV9kmr2s5,salsa
0FfcxKXQuJoMnqYGW0qn7s,salsa
37i9dQZF1DX0ERdy9Swdy5,salsa
37i9dQZF1DX4qKWGR9z0LI,salsa
37i9dQZF1EQlZ5S0kXf8kf,salsa
4HUvm1UcLAJWgld29GunjY,salsa
5efEltrHDaWxRkd5F0u1jW,salsa
37i9dQZF1DXcZzONSkfC3K,salsa
37i9dQZF1DX2OwDeeyTh0V,samba
7yEfiVHh9oNKXNb6w79tGW,samba
1mpj56eFDm7wtXnC9vRQ2a,samba
5IXhTtOkTpov6woH5KEEMI,samba
37i9dQZF1EQpDawryAAHhO,samba
37i9dQZF1DWTUHOvJwQIMp,samba
089PHs02G5E3K0lYdane1p,samba
5zf8173wxBOKoSpP8HHIuX,samba
5z1jMQRqoPdSRiW89G5XTG,samba
37i9dQZF1EIfJhwkekzZcm,samba
1082o5fC8w5wveUxiA4FA8,sertanejo
37i9dQZF1DXdSjVZQzv2tl,sertanejo
61ex7xN075GBE0iAfI7Vft,sertanejo
5ONpug412rfyYsnJULgC76,sertanejo
37i9dQZF1DX7IK76Iw6baR,sertanejo
6DSfG4qBWdpaNK9PclUeAI,sertanejo
37i9dQZF1DX5lAV5ZGu9ik,sertanejo
5peHR2jMrM6RYRDdiiEOHt,sertanejo
7FlmFbgt70tyRV8NVtXUf8,sertanejo
37i9dQZF1DX3R59Eoqqsy8,sertanejo
37i9dQZF1EIgt0viZXkB7w,show-tunes
37i9dQZF1DX3SzuIjjsy97,show-tunes
2amOngid1tKeliWUn8RRO2,show-tunes
3lIMpdeJUps75CuNF5S2lC,show-tunes
37i9dQZF1DX8C9xQcOrE6T,show-tunes
37i9dQZF1DWX82ahbDuQIz,show-tunes
2nes85sl0pZo8TTJ3ynwKl,show-tunes
37i9dQZF1DWSJHnPb1f0X3,show-tunes
33iIII9tB4Bc3CJLOgO85w,show-tunes
37i9dQZF1DX6xnkAwJX7tn,show-tunes
3C0aSwAQLci81tIuPeqNNS,singer-songwriter
37i9dQZF1EIhkeucoxGhUI,singer-songwriter
37i9dQZF1DWTyjRnMgESue,singer-songwriter
0veFt6IucyoQeQ0c1yGAeF,singer-songwriter
6vlfmQFw2FOXJYCHpBNIMH,singer-songwriter
0afoXHjrTavq6NUTwAKy5K,singer-songwriter
7s3l2wSfDgkrEkcKiEvr1p,singer-songwriter
3d2tEw0bwOO37KtaQNe8ky,singer-songwriter
3Is2oRjOmgfUuZVHUVNaWI,singer-songwriter
0p8hydGf9XYkeXd8OM1Dav,singer-songwriter
6mRRGF4klfgUzbD2ZKOCq0,ska
37i9dQZF1EIga94c2zaOqu,ska
37i9dQZF1DX3MU5XUozve7,ska
37i9dQZF1DX7WJ4yDmRK8R,ska
37i9dQZF1EId0pHOJhDWzp,ska
6iFEI1damDBupX6JlPzxZG,ska
6j8sJcBCC8aFcWL4okWjpo,ska
47rkwR5M2jy7ZPoEMCRD8X,ska
5NmTCJa0Wx4urcsYYEhaaj,ska
2Zjpbt5gePS3kmqcmMXzYp,ska
37i9dQZF1DWZd79rJ6a7lp,sleep
37i9dQZF1DWYcDQ1hSjOpY,sleep
37i9dQZF1DX03b46zi3S82,sleep
37i9dQZF1EIeVl2ozSlc3i,sleep
5FmmxErJczcrEwIFGIviYo,sleep
2FgM6E92iFcPhS4nuvGdV8,sleep
7q4bsGZt7Uwkc3yZdu342B,sleep
37i9dQZF1DWXlntHTG08uC,sleep
68JXTKfqFZEWO1DQRdVndh,sleep
37i9dQZF1DXdJ5OFSzWeCS,sleep
4tkoS1To30gijT7K7BEJob,songwriter
37i9dQZF1EIhkeucoxGhUI,songwriter
37i9dQZF1DWTyjRnMgESue,songwriter
6TKtRiB7LWHZC5pqXVMCIy,songwriter
6ImNOviNuIzoFI18GJhwPh,songwriter
37i9dQZF1DWWzN91i1LVSo,songwriter
37i9dQZF1DX1dd5WKvvHTC,songwriter
37i9dQZF1DXdbTERrLjYkP,songwriter
37i9dQZF1EFCXQeQGoO7Oj,songwriter
37i9dQZF1DX9nWj0Ba73K5,songwriter
37i9dQZF1EQntZpEGgfBif,soul
37i9dQZF1DXaXDsfv6nvZ5,soul
73sIU7MIIIrSh664eygyjm,soul
37i9dQZF1DX62Nfha2yFhL,soul
60JtvIJEITzy8R2WxmxHQD,soul
37i9dQZF1DWY12BqhkMFW2,soul
37i9dQZF1EIcMbGxNGUuZo,soul
6qSfxb9ebq6GDC8SrUy3w7,soul
37i9dQZF1DWWvhKV4FBciw,soul
37i9dQZF1DXdc0DUqaW3MZ,soul
37i9dQZF1DWZ27zYbfKITD,soundtracks
3vDe8D64ytZRKXt0AsJT0B,soundtracks
37i9dQZF1DX1tz6EDao8it,soundtracks
35yGQTVyq7i2ifyAXvFRN4,soundtracks
37i9dQZF1DXb69UWhjrXsW,soundtracks
5EDgZp2NmTbnp8yrEfoASh,soundtracks
4EK9SMjyBQvhnMYpMSATy6,soundtracks
37i9dQZF1DXar0WmW5YgAc,soundtracks
7fuZK3prfRJh5Q3sS6hZBm,soundtracks
6WDQ9y2yyrLjs3rfIkuD2L,soundtracks
5DDYy3potdieEBk4V95cT2,spanish
0dexh2j27EfJtsncx1vjhW,spanish
37i9dQZF1DX6BbeVFYBeZs,spanish
6o5RV6butrAw2Hl2CRkxlx,spanish
37i9dQZF1DX5Vpt0fhumU1,spanish
2fmR0eY6n2z91OTC9QuHul,spanish
37i9dQZF1EIfDaAjvyftbX,spanish
37i9dQZF1DX0AlIMO7qw9c,spanish
37i9dQZF1DZ06evO0Eu59K,spanish
2JVM633lspfBWgR6yl2XJA,spanish
0vvXsWCC9xrXsKd4FyS8kM,study
37i9dQZF1EIfMdgv54LYV9,study
471N195f5jAVs086lzYglw,study
66ObUW8grgqgWyFemzkWqm,study
3WLDIcG4Cx2UOPy0rbFhQn,study
37i9dQZF1DWSSrwtip3vZP,study
5pw7Jx8qUTsrwUDTNW4cU1,study
2bEFmnh84Bq86GC4uFziql,study
4B5bM83LBjcqtX32WPizQE,study
64RPMv6diX1BqleA9rI00a,study
51bvnhYEkGgaVAHTfhooDQ,summer
60rhEOpaeZLVHyZ4rE6YFJ,summer
37i9dQZF1DX1gRalH1mWrP,summer
37i9dQZF1EIfS0ZRAzGri5,summer
37i9dQZF1DXd1MXcE8WTXq,summer
5szqXZGkkXAEC2h39ENnBl,summer
37i9dQZF1DZ06evO30JqGN,summer
1TjDrfvgzM4O7JSlO8GCpE,summer
37i9dQZF1DXaTitkvoNNxt,summer
15bMIkyFRD9RMcG0DHqSTW,summer
37i9dQZF1EIgbSpFiT4ziE,swedish
37i9dQZF1DZ06evO0H7Hk1,swedish
3Z5oONe2ABn2XOg5D7Qafu,swedish
37i9dQZF1DZ06evO1BQaGs,swedish
5RmshM3vrWJKha5lHefxOW,swedish
7tvfjPMPrM1RqNTakcONLt,swedish
37i9dQZF1DX0ekBHz1NmKS,swedish
6Fmc14BIgmEjywQFv6qCbt,swedish
37i9dQZF1E4tbT6XkkiPTm,swedish
37i9dQZF1DZ06evO1SBByo,swedish
6OTx4Mju96ngUcXYgDRsnJ,synth-pop
37i9dQZF1EIcthwURCqDeg,synth-pop
37i9dQZF1DWU1f2CQHNexG,synth-pop
3lGinzH5NS0j3bqMp9wCmV,synth-pop
37i9dQZF1DXdLEN7aqioXM,synth-pop
37i9dQZF1DWYWA8YXAAo9Z,synth-pop
0AXfrXGusJujWzikNm2IVT,synth-pop
37i9dQZF1EIg1fFHYIUezl,synth-pop
37i9dQZF1DZ06evO1RO6KB,synth-pop
7pefpB9n6yJA2LY4aqSFCo,synth-pop
37i9dQZF1DXcCT9tm6fRIV,tango
36Z3ljs0Rgb7u2HD9COlcF,tango
0sAAYyQQemt7UD1rbICQJo,tango
0VJkOhHCVxgkWkWWcSdYJ2,tango
37i9dQZF1EIgMCiGV4HeMb,tango
1Wod1J0kAI1fDIAMs0yreb,tango
6yRUsQGRHRS74fHQmewjMH,tango
6QFXn3zlKUTbHOAhQV9mWn,tango
3jeaJ6dfdVtjHMa9qx6tlq,tango
1DAHSNpVpCFydXHrcTMpO8,tango
37i9dQZF1DWSYVW0BVc4a3,techno
37i9dQZF1DX6J5NfMJS675,techno
18vUeZ9BdtMRNV6gI8RnR6,techno
37i9dQZF1EIeKh45OZ1ylm,techno
37i9dQZF1DX36TRAnIL92N,techno
2sKjpFIcxrZJo665zLDHPr,techno
37i9dQZF1DX8ZMwsPgxIOs,techno
49XJeuUlNjVMxJ9WlSMBNs,techno
37i9dQZF1DZ06evO1v827y,techno
37i9dQZF1DZ06evO1NQh1L,techno
37i9dQZF1DX91oIci4su1D,trance
37i9dQZF1EId4OrskoRldL,trance
37i9dQZF1DXbtYAdenGE9U,trance
0Q3ugz23LAXFg2PvXJ8hMx,trance
37i9dQZF1DWXWbLEOaHnU3,trance
37i9dQZF1EIgxYfnNpP3aP,trance
37i9dQZF1DZ06evO3x8Ecb,trance
6zAMWyynYPrkul9kAQdqV7,trance
37i9dQZF1DX4MAWmETv8JA,trance
7cEc9ewYHymDkAHvyQf344,trance
37i9dQZF1DWVXbA4kjkg6G,trip-hop
3CmF38ZPAW670fLGaE1rMR,trip-hop
5lo6xaCORhF3VeCjvc0hhy,trip-hop
37i9dQZF1DZ06evO4rEFsP,trip-hop
14nZ7VGCS74NmxjIBQv4OF,trip-hop
37i9dQZF1EIefN78wVFavG,trip-hop
37i9dQZF1DZ06evO3zbGN3,trip-hop
37i9dQZF1EId08MqF9uRfD,trip-hop
37i9dQZF1DZ06evO2aDGpy,trip-hop
7fakVc9qwqthUDGP7DC9FT,trip-hop
49zj2KBAKg5jj9AfLzx9Iy,turkish
388OjS7Xm3Wrvg5XGNTpUT,turkish
37i9dQZF1DX5Cmakd3B354,turkish
37i9dQZF1EIcva9zrHA647,turkish
37i9dQZF1DX5Qv9u6xrrI7,turkish
5DoDf93EMkJWx7IxVRlYH0,turkish
37i9dQZF1DZ06evO4aP3GT,turkish
1pecY9rYj23fhPEHo0CGcd,turkish
7ydV7IhnVWC47piHil7dqB,turkish
37i9dQZF1DZ06evO0wadpe,turkish
50d7ggHy62jMDAQP1YNpuD,work-out
5al9D7YBzA4JxGG1yghLVF,work-out
37i9dQZF1EIgzSCNweQzPQ,work-out
37i9dQZF1DX70RN3TfWWJh,work-out
1SpoRcPPKH6Bu7IN0TAnJM,work-out
37i9dQZF1DX9s3cYAeKW5d,work-out
0OxRbscW9gq3FzENFlUPes,work-out
37i9dQZF1DXaL0oUdaMtnP,work-out
37i9dQZF1DWVciwe52Zt0R,work-out
7jU7bt1FT5yo269jn4Z1Sr,work-out
0q6c4fBoe3XFqkPgHo01KT,world-music
37i9dQZF1DZ06evO04A6fF,world-music
6r37nwRfWp4YMba5meFXGx,world-music
5CnhaCDgcDhrI0COEyLiWR,world-music
37i9dQZF1DZ06evO0OjgsJ,world-music
6uFApPtgDiCKAiDWgJ0l9v,world-music
37i9dQZF1EIhQNtqqlIuKM,world-music
37i9dQZF1EIcZpkgKfzOyN,world-music
5xRHEnp8YNVPoX0kNPQo88,world-music
37i9dQZF1DWUS3jbm4YExP,world-music
